eval_group,count,avg_sim_no_rag,pass_rate_no_rag,avg_fact_no_rag,avg_sim_vector,pass_rate_vector,avg_fact_vector,avg_sim_hybrid,pass_rate_hybrid,avg_fact_hybrid,avg_imp_vector,avg_imp_hybrid
out_of_scope,5,0.21297271959483624,0.0,,0.2372368425130844,0.0,,0.2407090872526169,0.0,,0.024264122918248178,0.027736367657780647
rule_detail,65,0.1515172461191049,0.03076923076923077,0.005747126436781609,0.35203470080517807,0.16923076923076924,0.16009852216748766,0.7099596037314488,0.47692307692307695,0.3099343185550082,0.20051745468607315,0.558442357612344
simple,5,0.673334789276123,0.4,0.6666666666666666,0.7679577112197876,0.6,0.8333333333333334,0.6758145332336426,0.4,0.6666666666666666,0.09462292194366453,0.0024797439575195285
all,75,0.19040211389462153,0.05333333333333334,0.03825136612021857,0.3721097109466791,0.18666666666666668,0.19320843091334894,0.6763998979330063,0.44,0.32747853239656516,0.18170759705205758,0.48599778403838473
