eval_group,count,avg_sim_no_rag,pass_rate_no_rag,avg_fact_no_rag,avg_sim_vector,pass_rate_vector,avg_fact_vector,avg_sim_hybrid,pass_rate_hybrid,avg_fact_hybrid,avg_sim_hybrid_rewrite,pass_rate_hybrid_rewrite,avg_fact_hybrid_rewrite,avg_imp_vector,avg_imp_hybrid,avg_imp_hybrid_rewrite
rule_detail,1,0.6242921352386475,0.0,1.0,0.4709774851799011,0.0,0.0,0.7195188999176025,0.0,0.0,0.1510598361492157,0.0,0.0,-0.15331465005874634,0.09522676467895508,-0.47323229908943176
simple,1,0.8004786968231201,1.0,1.0,0.6977863907814026,0.0,0.0,0.6792076230049133,0.0,0.0,0.7006837725639343,0.0,1.0,-0.10269230604171753,-0.12127107381820679,-0.09979492425918579
all,2,0.7123854160308838,0.5,1.0,0.5843819379806519,0.0,0.0,0.6993632614612579,0.0,0.0,0.425871804356575,0.0,0.5,-0.12800347805023193,-0.013022154569625854,-0.2865136116743088
